seed,Freq,CA,Freq+CA,LBC,Delta_LBC_vs_Blend,Delta_Blend_vs_CA
0,0.43579899325996074,0.5640872508034013,0.652873759349316,0.7255922418451213,0.07271848249580526,0.08878650854591474
1,0.5278073658048481,0.6352603208418063,0.702269132694232,0.8280881830799522,0.12581905038572028,0.06700881185242569
2,0.3805837768101919,0.6634413804225125,0.5757135945815192,0.798097081115949,0.22238348653442985,-0.08772778584099339
