comparison,n,mean_diff,all_diffs_positive,one_sided_p,two_sided_p
LBC_vs_CA,10,0.1907215988527629,True,0.0009765625,0.001953125
LBC_vs_C3F,10,0.1357385583941597,True,0.0009765625,0.001953125
LBC_vs_Freq,10,0.3896386801031181,True,0.0009765625,0.001953125
LBC_vs_BestNonLBC,10,0.12995971793917965,True,0.0009765625,0.001953125
